{"IcoMoonType":"selection","icons":[{"icon":{"paths":["M64 192h896v192h-896zM64 448h896v192h-896zM64 704h896v192h-896z"],"tags":["menu","list","options","lines","hamburger"],"defaultCode":59837,"grid":16,"attrs":[]},"attrs":[],"properties":{"ligatures":"menu, list3","name":"menu","order":4,"id":190,"prevSize":32,"code":59837},"setIdx":0,"setId":1,"iconIdx":189},{"icon":{"paths":["M512 0c-282.77 0-512 229.23-512 512s229.23 512 512 512 512-229.23 512-512-229.23-512-512-512zM128 512c0-212.078 171.922-384 384-384v768c-212.078 0-384-171.922-384-384z"],"tags":["contrast"],"defaultCode":59861,"grid":16,"attrs":[]},"attrs":[],"properties":{"ligatures":"contrast","name":"contrast","order":8,"id":214,"prevSize":32,"code":59861},"setIdx":0,"setId":1,"iconIdx":213}],"height":1024,"metadata":{"name":"icomoon"},"preferences":{"showGlyphs":true,"showQuickUse":true,"showQuickUse2":true,"showSVGs":true,"fontPref":{"prefix":"icon-","metadata":{"fontFamily":"icomoon"},"metrics":{"emSize":1024,"baseline":6.25,"whitespace":50},"embed":false},"imagePref":{"prefix":"icon-","png":true,"useClassSelector":true,"color":0,"bgColor":16777215,"classSelector":".icon"},"historySize":50,"showCodes":true,"gridSize":16,"showGrid":false}}